{
  "repository": [
    {
      "id": "foxy_decoration",
      "iconPath": "foxy_example_icon",
      "locKeys": [
        {
          "languageName": "English",
          "name": "Foxy",
          "info": "A decorative statue of Foxy the voxel fox"
        }
      ],
      "prefabID": "base_decoration",
      "previewPrefabID": "base_constructable_preview",
      "buildTime": 60,
      "size": {
        "x": 1,
        "y": 1,
        "z": 1
      },
      "boxColliderSettings": {
        "centerOffset": {
          "x": 0,
          "y": 0.6,
          "z": 0
        },
        "sizeOffset": {
          "x": 0.5,
          "y": 1.2,
          "z": 0.5
        }
      },
      "previewMarkerPrefabId": "MarkerFront",
      "previewMarkerOffset": {
        "positionOffset": {
          "x": 0,
          "y": 0,
          "z": 1
        },
        "rotationOffset": {
          "x": 0,
          "y": 180,
          "z": 0
        }
      },
      "buildingCategoryUI": 5,
      "buildingSubCategoryUI": 0,
      "buildingSubCategoryUIOverride": "Foxy",
      "soundMaterialCategory": 1,
      "buildingType": 8192,
      "constructableBaseCategory": 3,
      "placementType": 0,
      "materials": {
        "keys": [
          "wood"
        ],
        "values": [
          10
        ]
      },
      "returnOnDestroy": {
        "keys": [
          "wood"
        ],
        "values": [
          0.6
        ]
      },
      "returnOnDeconstruct": {
        "keys": [
          "wood"
        ],
        "values": [
          0.3
        ]
      },
      "pathfindingPenalty": 25000,
      "idleTargetForbidden": true,
      "maxPoolCount": 2,
      "refillThreshold": 1,
      "placeableBellowOthers": false,
      "transfersStability": false,
      "layerShadowOffset": -1,
      "layerHideOffset": -1,
      "attackTraversePenalty": 0.2,
      "wealthPoints": 100,
      "beautyInput": 100,
      "flammability": 0.7,
      "heatDamageThreshold": 80,
      "heatDamage": 0.5,
      "stats": [
        {
          "debugName": "Hitpoints",
          "type": 1,
          "initialValue": 80,
          "attributes": {
            "max": [
              {
                "baseValue": 80
              }
            ]
          }
        }
      ],
      "destroyParticles": "destroy_wood_floor",
      "hasDestructionAnimation": true,
      "sortingGroup": "StructuresFurniture",
      "canBeMoved": true,
      "pilePrefabID": "base_building_pile",
      "pileVariationLists": [
        {
          "name": "CountVariations",
          "variations": [
            {
              "name": "stackSize01",
              "slots": [
                {
                  "id": "1",
                  "slot": "baseMesh",
                  "slotType": "Mesh",
                  "value": "structure_wood_pile"
                },
                {
                  "id": "2",
                  "slot": "albedo",
                  "slotType": "Texture",
                  "value": "base_texture_png"
                },
                {
                  "id": "3",
                  "slot": "reflection",
                  "slotType": "Texture",
                  "value": "base_texture_reflection"
                },
                {
                  "id": "4",
                  "slot": "reflection",
                  "slotType": "ShaderParam",
                  "shaderParam": {
                    "variableName": "_BaseColorMultiply",
                    "colorValue": "#FFFFFF"
                  }
                },
                {
                  "id": "5",
                  "slot": "reflection",
                  "slotType": "ShaderParam",
                  "shaderParam": {
                    "variableName": "_Metallic",
                    "floatValue": "1"
                  }
                },
                {
                  "id": "6",
                  "slot": "reflection",
                  "slotType": "ShaderParam",
                  "shaderParam": {
                    "variableName": "_Smoothness",
                    "floatValue": "1"
                  }
                }
              ]
            }
          ]
        }
      ],
      "weight": 25,
      "decomposeModifiersId": "structure_pile_decay",
      "decorationComponentID": "basic_decoration",
      "variationLists": [
        {
          "name": "List01",
          "hideInUI": true,
          "variations": [
            {
              "name": "default",
              "slots": [
                {
                  "id": "1",
                  "slot": "baseMesh",
                  "slotType": "Mesh",
                  "value": "foxy_example"
                },
                {
                  "id": "2",
                  "slot": "albedo",
                  "slotType": "Texture",
                  "value": "foxy_diffuse"
                },
                {
                  "id": "3",
                  "slot": "reflection",
                  "slotType": "Texture",
                  "value": ""
                },
                {
                  "id": "4",
                  "slot": "emission",
                  "slotType": "Texture",
                  "value": ""
                },
                {
                  "id": "5",
                  "slot": "emission",
                  "slotType": "ShaderParam",
                  "shaderParam": {
                    "variableName": "_ContactIntencity",
                    "floatValue": "0.1"
                  }
                },
                {
                  "id": "6",
                  "slot": "emission",
                  "slotType": "ShaderParam",
                  "shaderParam": {
                    "variableName": "_RimlightIntencity",
                    "floatValue": "0.2"
                  }
                },
                {
                  "id": "7",
                  "slot": "emission",
                  "slotType": "ShaderParam",
                  "shaderParam": {
                    "variableName": "_Metallic",
                    "floatValue": "1"
                  }
                },
                {
                  "id": "8",
                  "slot": "emission",
                  "slotType": "ShaderParam",
                  "shaderParam": {
                    "variableName": "_Smoothness",
                    "floatValue": "1"
                  }
                }
              ]
            }
          ]
        }
      ]
    }
  ]
}